[{"id":"DESIGN-001","content":"Create a modern and consistent design system","status":"completed","priority":"high"},{"id":"DESIGN-002","content":"Optimize user experience for both mobile and desktop","status":"completed","priority":"high"},{"id":"DESIGN-003","content":"Enhance visual hierarchy and readability","status":"completed","priority":"medium"},{"id":"DESIGN-004","content":"Improve navigation and task management interface","status":"completed","priority":"medium"},{"id":"DESIGN-005","content":"Add meaningful visual feedback for user interactions","status":"completed","priority":"medium"},{"id":"DESIGN-006","content":"Update index.html with new design system","status":"completed","priority":"high"}]